,size,Group,Verse text
1J 5:6,1,Nový zákon,"Ježíš Kristus jest ten, který přišel skrze vodu a krev. Nejen s vodou, ale s vodou a s krví. A Duch je toho svědkem, poněvadž Duch je pravda. "
Mt 5:38,1,Evangelia,"Slyšeli jste, že bylo řečeno: „Oko za oko, zub za zub.“"
L 18:13,1,Evangelia,"Ale celník stoje zdaleka, nechtěl ani očí pozdvihnouti k nebi, nýbrž bil se v prsa svá a říkal: ,Bože, buď milostiv mně hříšnému.‘"
Mt 26:63,1,Evangelia,"Ale Ježíš mlčel. I řekl mu velekněz: „Zapřísahám tě skrze Boha živého, abys nám pověděl, jsi-li ty Kristus, Syn Boží?“"
J 1:36,1,Evangelia,"A spatřiv Ježíše, an jde kolem, řekl: „Ejhle Beránek Boží.“"
L 4:4,1,Evangelia,"A odpověděl jemu Ježíš: Psáno-ť jest, že nesamým chlebem živ jest člověk, ale každým slovem Božím."
L 3:4,1,Evangelia,"jakož psáno jest v knize řečí proroka Isaiáše: „Hlas volajícího na poušti: Připravte cestu Páně, přímé čiňte stezky jeho;"
Mk 1:3,1,Evangelia,"„Hlas volajícího na poušti: ,Připravte cestu Páně, přímé čiňte stezky jeho.‘“"
J 1:1,1,Evangelia,"Na počátku bylo Slovo, a to Slovo bylo u Boha, a to Slovo byl Bůh."
Mt 10:7,1,Evangelia,"Jdouce pak kažte, řkouce: že se přiblížilo Království Nebeské."
R 13:11,1,Nový zákon,"A vědouce ten čas: že již hodina jest, abychom ze sna povstali. Neboť nyní bližší jest naše spasení, nežli když sme uvěřili."
Mt 28:20,1,Evangelia,"Učíce je zachovávati všecko, což jsem koli přikázal vám. A aj, já s vámi jsem po všecky dny, až do skonání světa. Amen."
Mt 5:3,1,Evangelia,"Blahoslavení chudí duchem, nebo jejich jest království nebeské."
J 16:33,1,Evangelia,"Tyto věci mluvil jsem vám, abyste ve mně pokoj měli. Na světě ssoužení míti budete, ale doufejtež, jáť jsem přemohl svět."
J 16:2,1,Evangelia,"Z náboženské obce své vyloučí vás, ano přichází hodina, že každý, kdo vás zabije, bude se domnívati, že tím Bohu slouží."
Mt 5:7,1,Evangelia,"Blahoslavení milosrdní, neboť oni milosrdenství dojdou."
Mk 2:11,1,Evangelia,"„Tobě pravím: ,Vstaň, vezmi lože své a jdi do domu svého.“"
Sk 19:6,1,Nový zákon,"A když Pavel vložil na ně ruce, přišel na ně Duch svatý; i mluvili jazyky a prorokovali."
Mt 27:38,1,Evangelia,"Potom ukřižovali s ním dva lotry, jednoho na pravici, druhého na levici."
Pr 19:17,1,Starý zákon,"Půjčuje Hospodinu, kdo se nad chudým smilovává; a on jemu (co půjčeno) zase vrátí."
J 10:16,1,Evangelia,"Mám ještě jiné ovce, které nejsou z tohoto ovčince; i ty musím přivésti, a hlas můj slyšeti budou, a bude jeden ovčinec a jeden pastýř."
L 10:23,1,Evangelia,"A obrátiv se k učeníkům svým pravil: „Blahoslavené oči, které vidí, co vy vidíte."
Mk 11:10,1,Evangelia,"Požehnaný, jenž se béře ve jménu páně: Požehnané kteréž přišlo Království otce našeho Davida: Hosanna na výsostech."
Zj 7:9,1,Nový zákon,"Potom sem viděl zástup veliký, kteréhož žádný přečísti nemohl, ze všech národů a pokolení, a lidí, i jazyků: ani stojí před trůnem, a před obličejem Beránka, souce oblečeni v bílá roucha: a palmy v rukou jejich:"
L 23:43,1,Evangelia,"I řekl mu Ježíš: Amen pravím tobě, dnes budeš semnou v Ráji."
Nu 20:6,1,Starý zákon,"Mojžíš a Áron nechavše lid, vešli do stánku úmluvy, padli na tvář až k zemi [a volali k Hospodinu: Hospodine, Bože, uslyš křik tohoto lidu a otevři jim poklad svůj, studnici vody živé, aby, když se napijí, přestali reptati]. Tu se nad nimi ukázala velebnost Hospodinova"
Ex 12:14,1,Starý zákon,"Den tento bude vám dnem památným; bude vám svátkem na věky, který slaviti budete ve (všech) svých pokoleních."
Mk 5:41,1,Evangelia,"A vzav dívku za ruku, řekl jí: „Talítha, kúmi,“ to jest v překladě: „Dívko, (tobě pravím), vstaň.“"
Mt 5:16,1,Evangelia,"Tak svěť světlo vaše před lidmi, ať vidí skutky vaše dobré, a slaví Otce vašeho, kterýž jest v nebesích."
Mt 2:2,1,Evangelia,"řkouce: „Kde jest ten novorozený král židovský? Neboť viděli jsme hvězdu jeho na východě, i přišli jsme poklonit se jemu.“"
Mt 2:11,1,Evangelia,"I vešedše do domu, nalezli dítko s Marií, matkou jeho, a padše, klaněli se jemu, a otevřevše poklady své, obětovali mu dary: zlato, kadidlo a myrrhu."
R 8:23,1,Nový zákon,"A nejen ono, nýbrž i my, ač máme prvotiny Ducha, i my sami v sobě sténáme, očekávajíce synovství, (totiž) vykoupení těla svého. "
L 10:27,1,Evangelia,"On odpověděv, řekl: Milovati budeš Pána Boha svého, z celého srdce svého, a z celé duše své, a ze vší síly své, i ze vší mysli své: a bližního svého jako sebe samého."
L 21:6,1,Evangelia,"„Přijdou dnové, ve kterých z toho, co vidíte, nezůstane kámen na kameni, který by nebyl rozbořen.“"
Mt 6:33,1,Evangelia,"Ale hledejte nejprv království Božího a spravedlnosti jeho, a toto vše bude vám přidáno."
1K 15:55,1,Nový zákon,"Kde jest, ó smrti, vítězství tvé? Kde jest, ó smrti, osten tvůj?“"
Ex 20:13/Dt 5:17,1,Desatero,Nezabiješ.
2K 11:23,1,Nový zákon,"Služebníky Kristovými jsou? Jako nesmyslný pravím: Já více. V prácech (jsem býval) přehojně, ve vězeních přehojně, v ranách nad míru, v nebezpečenství smrti častokrát."
Sk 2:2,1,Nový zákon,"Tu povstal náhle s nebe hukot, jako když táhne vítr silný, a naplnil dům, kde seděli;"
L 23:34,1,Evangelia,"Ježíš řekl: „Otče, odpusť jim, vždyť nevědí, co činí.“ Když si chtěli rozděliti mezi sebe jeho šaty, metali losy."
2K 6:14,1,Nový zákon,Netáhněte jha s nevěřícími. Nebo jaký jest spolek spravedlnosti s nepravostí? A jaké obcování světla s temnostmi?
Mt 4:9,1,Evangelia,"a řekl: „Toto všecko tobě dám, jestliže padna, budeš se mi klaněti.“"
J 13:35,1,Evangelia,"Po tom poznají všichni, že jste učeníci moji, budete-li míti lásku jedni k druhým.“"
1J 5:7,1,Nový zákon,"Jsou zajisté tři, kteří vydávají svědectví na nebi, Otec, Slovo a Duch svatý; a tito tři jedno jsou;"
Mt 22:39,1,Evangelia,Druhé pak jest podobné tomu: Milovati budeš bližního svého jako sebe samého.
J 10:11,1,Evangelia,Jáť jsem Pastýř dobrý. Dobry Pastýř duši svou dává za ovce své.
L 2:14,1,Evangelia,"Sláva na výsostech Bohu, a na zemi pokoj, lidem dobrá vůle."
Sk 9:4,1,Nový zákon,"a on pad na zem uslyšel hlas, an k němu praví: „Šavle, Šavle, proč mě pronásleduješ?“"
1Kr 12:4,1,Starý zákon,"Otec tvůj ztížil jho naše; protož nyní polehč služby otce svého tvrdé a břemena jeho těžkého, kteréž vzložil na nás, a budeme tobě sloužiti."
Gn 2:9,1,Starý zákon,"A vyvedl Hospodin Bůh z země všeliký strom na pohledění libý, a ovoce k jídlu chutné; též strom života u prostřed ráje, i strom vědění dobrého a zlého."
Sk 5:29,1,Nový zákon,Petr a apoštolově odpověděli: „Více sluší poslouchati Boha než lidí.
Mt 4:4,1,Evangelia,Kterýž odpovídaje řekl: Psáno-ť jest: Ne samým chlebem živ jest člověk: ale každým slovem kteréž vychází z ust Božích.
L 19:46,1,Evangelia,"řka jim: „Psáno jest: Dům můj jest dům modlitby, vy však jste jej učinili peleší lotrovskou.“"
Mt 11:28,1,Evangelia,"„Pojďte ke mně všichni, kteří těžce pracujete a jste přetíženi, a já vám dám odpočinek."
L 9:35,1,Evangelia,"A hlas přišel z oblaku řkoucí: „Tento jest Syn můj milý, toho poslouchejte.“"
2P 1:17,1,Nový zákon,"Obdržel zajisté od Boha Otce čest i slávu, když se stal k němu takovýto hlas od velikolepé slávy: „Tento jest Syn můj milý, v němž jsem si zalíbil. (Jeho poslouchejte.“)"
L 18:10,1,Evangelia,"„Dva lidé vstoupili do chrámu, aby se modlili, jeden fariseus a druhý celník."
L 18:11,1,Evangelia,"Fariseus postaviv se modlil se sám u sebe takto: ,Bože, děkuji tobě, že nejsem jako jiní lidé, lupiči, nespravedliví, cizoložnici, aneb jako i tento celník."
Mt 23:12,1,Evangelia,"Kdo se povyšuje, bývá ponížen, kdo se ponižuje, bývá povýšen."
Mt 6:12,1,Evangelia,"A odpusť nám naše viny, jakož i my odpouštíme naším viníkům."
Mt 6:11/L 11:3,1,Evangelia,Chléb náš vezdejší dej nám dnes.
Ex 20:15/Dt 5:19,1,Desatero,Nepokradeš.
L 18:31,1,Evangelia,"Potom Ježíš pojav k sobě dvanácte, řekl jim: „Hle vstupujeme do Jerusalema, a dokoná se tam všecko, co psáno jest skrze proroky o Synu člověka;"
L 18:34,1,Evangelia,"A oni tomu nic nesrozuměli, a bylo slovo to skryto před nimi, a nesrozuměli, co se pravilo."
Z 127:1,1,Starý zákon,"Píseň stupňů, Šalomounova. Nebude-li Hospodin stavěti domu, nadarmo usilují ti, kteříž stavějí jej; nebude-li Hospodin ostříhati města, nadarmo bdí strážný."
Mk 16:16,1,Evangelia,"Kdo uvěří a bude pokřtěn, bude spasen; kdo neuvěří, bude odsouzen."
Ef 6:2,1,Nový zákon,"„Cti otce svého i matku svou“, to jest první přikázání se zaslíbením,"
J 1:14,1,Evangelia,"A Slovo Tělem učiněno jest, a přebývalo mezi námi: a viděli sme slávu jeho, slávu jakožto jednorozeného od Otce, plného milosti a pravdy."
Gn 3:19,1,Starý zákon,"V potu tváře jísti budeš chléb, dokud se nevrátíš do země, ze které jsi vzat. Ano, prach jsi, a v prach se navrátíš."
Mt 22:21,1,Evangelia,"Řkou jemu: „Císařův.“ Tu řekl jim: „Dávejte tedy, co jest císařovo, císaři, a co jest Božího, Bohu.“"
Mt 7:21,1,Evangelia,"Ne každý, kdož mi říká: Pane, Pane, vejde do království nebeského, ale ten, kdož činí vůli Otce mého, kterýž v nebesích jest."
Pr 26:27,1,Starý zákon,"Kdo (jinému) jámu kopá, (sám) do ní padá, a kdo valí kámen, bude ním zavalen."
Mt 27:25,1,Evangelia,"A odpověděv všecken lid, řekl: Krev jeho na nás, i na naše syny."
Mt 16:24,1,Evangelia,"Tehdy řekl Ježíš učedlníkům svým: Chce-li kdo za mnou přijíti, zapřiž sebe sám, a vezmi kříž svůj, a následúj mne."
Mt 13:24,1,Evangelia,"Jiné podobenství předložil jim řka: „Podobné jest království nebeské člověku, který nasel dobrého semene na poli svém;"
Mt 13:30,1,Evangelia,"Nechte ať obé spolu roste až do žně. A v čas žně dím žencům: Vytrhejte nejprv koukol a svažte jej v snopky k spálení, ale pšenici shromažďte do stodoly mé."
L 9:55,1,Evangelia,"Ale on obrátiv se, pokáral je řka: „Nevíte, čího ducha jste."
J 6:48,1,Evangelia,Jáť jsem Chléb života.
J 8:12,1,Evangelia,"Tu Ježíš mluvil k nim opět řka: „Já jsem světlo světa; kdo mě následuje, nebude choditi ve tmě, nýbrž bude míti světlo života.“"
J 11:25,1,Evangelia,"Řekl jí Ježíš: „Já jsem vzkříšení a život; kdo věří ve mne, byť i umřel, živ bude,"
L 11:23,1,Evangelia,"Kdo není se mnou, proti mně jest, a kdo neshromažďuje se mnou, rozptyluje."
Mt 12:30,1,Evangelia,"Kdož není se mnou, proti mně jest; a kdo neshromažďuje se mnou, rozptylujeť."
Mt 8:25,1,Evangelia,"I přistoupili k němu učeníci jeho a zbudili ho řkouce: „Pane, zachovej nás, hyneme.“"
J 6:56,1,Evangelia,"Kdo jí mé tělo a pije mou krev, ve mně přebývá a já v něm."
Mt 16:18,1,Evangelia,"I já pravím tobě: Ty jsi Petr (t. j. skála), a na té skále vzdělám cirkev svou, a brány pekelné jí nepřemohou."
J 20:23,1,Evangelia,"kterým odpustíte hříchy, odpouštějí se jim a kterým zadržíte, zadrženy jsou.“"
L 16:9,1,Evangelia,"I jáť pravím vám: Čiňte sobě přátely z mamony nepravosti, aby, když byste zhynuli, přijali vás do oněch věčných stanů."
Mt 22:42,1,Evangelia,„Co se vám zdá o Kristu? Čí jest syn? “Řkou jemu: „Davidův.“
Mt 6:9,1,Evangelia,"A protož vy takto se budete modliti: Otčenáš, jenž jsi na nebesích: posvěť se jméno tvé."
L 9:23,1,Evangelia,"A řekl ke všem: „Chce-li kdo za mnou přijíti, zapři sebe sám a vezmi kříž svůj každodenně a následuj mne."
Mk 12:30,1,Evangelia,a milovati budeš Pána Boha svého z celého srdce svého a z celé duše své a ze vší mysli své a ze vší síly své. To jest první přikázání.
2K 1:2/Fp 1:2/2Te 1:2/1K 1:3/Ef 1:2/Ga 1:3,1,Nový zákon,"Milost vám a pokoj od Boha, našeho Otce, a Pána Ježíše Krista, "
Zj 14:13,1,Nový zákon,"I slyšel sem hlas z Nebe řvoucí ke mně: Piš: Blahoslavení mrtví, kteříž v pánu umírají. Již od této chvíle praví Duch, aby odpočinuli od prácí svých: nebo skutkové jejich následují jich."
J 16:16,1,Evangelia,"„Maličko, a již neuzříte mne, a opět maličko, a uzříte mě, poněvadž jdu k Otci.“"
R 13:1,1,Nový zákon,"Každá duše vrchnostem poddána buď. Neboť není vrchnosti, jediné od Boha, a kteréž vrchnosti jsou, od Boha zřízené jsou."
1K 13:2,1,Nový zákon,"A bychť měl proroctví, a povědom byl všelikého tajemství i všelikého umění, a kdybych měl tak velikou víru, že bych hory přenášel, lásky pak kdybych neměl, nic nejsem."
L 11:17,1,Evangelia,"Ale on znaje myšlení jejich řekl jim: „Každé království proti sobě rozdělené zpustne, a dům na dům padne."
1K 3:11,1,Nový zákon,"Nebo základu jiného žádný položiti nemůž, mimo ten, kterýž položen jest, jenž jest Ježíš Kristus."
Ga 2:20,1,Nový zákon,"S Kristem ukřižován jsem. Živť jsem pak již ne já, ale živ jest ve mně Kristus. Že pak nyní živ jsem v těle, u víře Syna Božího živ jsem, kterýž zamiloval mne, a vydal sebe samého za mne."
Mk 16:17,1,Evangelia,"Těch pak, kteří uvěří, budou následovati tyto zázraky: Ve jménu mém budou zlé duchy vymítati, novými jazyky mluviti,"
Mt 18:35,1,Evangelia,"Takť i Otec můj nebeský učiní vám, jestliže neodpustíte jeden každý bratru svému z srdcí svých provinění jejich."
L 24:26,1,Evangelia,"Zdaliž nemusil těch věcí trpěti Kristus, a tak vjíti do slávy své?"
Mt 11:29,1,Evangelia,"Vezměte jho mé na sebe a učte se ode mne, neboť jsem tichý a pokorný srdcem; a naleznete pokoj duším svým;"
Mk 10:23,1,Evangelia,"A pohleděv vůkol Ježíš, dí učedlníkům svým: Jak nesnadně ti, kteříž statky mají, vejdou do království Božího."
Mt 11:3,1,Evangelia,"Řekl jemu: Ty-li jsi ten, kterýž přijíti má, čili jiného čekati máme?"
J 1:29,1,Evangelia,"Druhého dne Jan uzřel Ježíše, an jde k němu; i řekl: „Ejhle Beránek Boží, který snímá hříchy světa."
Mk 15:34,1,Evangelia,"a v hodinu devátou Ježíš zvolal hlasem velikým: „Eloi, Eloi, lamma sabaktani?“ to jest v překladě: „Bože můj, Bože můj, proč jsi mě opustil?“"
Mt 27:46,1,Evangelia,"Kolem tří hodin vzkřikl Ježíš hlasitě: „Eli, Eli, lema sabachthani?“, to jest „Můj Bože, můj Bože, proč jsi mě opustil?“"
Mt 18:7,1,Evangelia,"Běda světu pro pohoršení. Ačkoli musí býti, aby přicházela pohoršení, ale však běda člověku, skrze něhož přichází pohoršení."
L 10:16,1,Evangelia,"Kdož vás slyší, mne slyší; a kdo vámi pohrdá, mnou pohrdá; kdož pak mnou pohrdá, pohrdáť tím, kdož mne poslal."
J 17:5,1,Evangelia,"A nyní oslaviž ty mne, Otče, u sebe samého touž slavou, kterouž jsem měl u tebe, prvé nežli svět byl."
1K 15:20,1,Nový zákon,"Ale Kristus vstal z mrtvých, jako první ze zesnulých. "
Mt 19:12,1,Evangelia,"Jsouť zajisté panicové, kteříž se tak z života matky zrodili; a jsouť panicové, kteříž učiněni jsou od lidí; a jsouť panicové, kteříž se sami v panictví oddali pro království nebeské. Kdo může pochopiti, pochop."
Mt 12:45,1,Evangelia,"Tehdy jde,"
Mt 6:10,1,Evangelia,"Přiď Království tvé. Buď vůle tvá, jako v Nebi, tak i na zemi."
Mk 2:5,1,Evangelia,"A Ježíš vida víru jejich, řekl ochrnulému: „Synu, odpouštějí se tobě hříchové tvoji.“"
Z 51:3,1,Starý zákon,"Smiluj se nade mnou, Bože, podlé milosrdenství svého, podlé množství slitování svých shlaď přestoupení má."
Z 50:3,1,Starý zákon,"Smiluj se nade mnou, Bože, podle velkého milosrdenství svého, a podle množství svých slitování zahlaď nepravost mou."
Mt 28:19,1,Evangelia,"Jděte tedy, získávejte všecky národy za učedníky, křtěte je ve jméno Otce i Syna i Ducha svatého,"
J 2:4,1,Evangelia,I dí jí ježíš: Co mně o tobě jest ženo? ještě nepřišla hodina má.
Gn 13:8,1,Starý zákon,"Řekl tedy Abram k Lotovi: Prosím, nechť není sváru mezi mnou, a tebou, a mezi pastýři mými, a pastýři tvými: nebo bratří jsme."
1P 3:18,1,Nový zákon,"Nebo i Kristus jedinou za hříchy trpěl, spravedlivý za nespravedlivé, aby nás přivedl k Bohu, umrtven jsa z strany těla, ale obživen Duchem."
R 4:21,1,Nový zákon,"a nabyl pevného přesvědčení, že Bůh jest mocen i učiniti, co slíbil."
L 3:6,1,Evangelia,a uzři všeliké tělo spaní Boží.
J 13:1,1,Evangelia,"Před svátkem pak velikonočním, věda Ježíš, že přišla hodina jeho, aby šel z tohoto světa k Otci, milovav své, kteříž byli na světě, až do konce je miloval."
1S 10:24,1,Starý zákon,"I řekl Samuel všemu lidu: Vidíte-li, koho vyvolil Hospodin, žeť mu není podobného ve všem lidu? Protož zkřikl všecken lid, a řekli: Živ buď král!"
2S 16:18,1,Starý zákon,"Chusaj Absalomovi odpověděl: „Nikoli, neboť toho budu a s tím zůstanu, koho vyvolil Hospodin, veškeren tento lid i všecek Israel."
Mt 13:25,1,Evangelia,"a když lidé spali, přišel jeho nepřítel, nasel koukole mezi pšenici a odešel."
Mk 10:9,1,Evangelia,"Nuže, co Bůh spojil, člověk nerozlučuj.“"
Gn 3:5,1,Starý zákon,"Ale ví Bůh, že v kterýkoli den z něho jísti budete, otevrou se oči vaše; a budete jako bohové, vědouce dobré i zlé."
J 14:6,1,Evangelia,Ježíš řekl jemu: „Já jsem cesta a pravda a život; nikdo nepřichází k Otci leč jen skrze mne.
Mt 19:17,1,Evangelia,"On pak řekl jemu: „Co se mě ptáš o dobrém? Jediný jest dobrý, (Bůh). Chceš-li však vejíti do života, zachovávej přikázání.“"
J 13:15,1,Evangelia,"Příklad zajisté dal sem vám, abyste jako sem já činil vám, i vy též činili."
Mt 6:24,1,Evangelia,"Nikdo nemůže dvěma pánům sloužiti; neboť buď bude jednoho nenáviděti a druhého milovati, aneb jednoho se přidrží a druhým pohrdne. Nemůžete Bohu sloužiti a mamoně."
Mt 7:16,1,Evangelia,"po ovocích jejich poznáte je. Zdaliž zbírají z trní hrozny, aneb z bodláčí fíky?"
J 16:23,1,Evangelia,"A v ten den nebudete se mne tázati o ničemž. Amen, amen pravím vám: Budete-li zač prositi Otce ve jménu mém, dáť vám."
L 22:48,1,Evangelia,"Ale Ježíš řekl jemu: „Jidáši, políbením zrazuješ Syna člověka?“"
Sk 26:2,1,Nový zákon,"„Za šťastného se pokládám, králi Agrippo, že mohu dnes hájiti se před tebou proti všemu tomu, z čeho mě židé obvinují,"
J 16:8,1,Evangelia,"A on když přijde, trestati bude svět z hříchu, a z spravedlnosti, a z soudu."
1Tm 2:4,1,Nový zákon,"Kterýž chce, aby všickni lidé spaseni byli, a k známosti pravdy přišli."
J 3:15,1,Evangelia,"Aby každý, kdož věří v něho, nezahynul, ale měl život věčný."
R 10:11,1,Nový zákon,"Neboť písmo praví: „Žádný, kdo v něho věří, nebude zahanben.“ "
R 2:6,1,Nový zákon,"Kterýž odplatí jednomu každému podlé skutků jeho,"
J 19:11,1,Evangelia,"Ježíš odpověděl: „Neměl bys nade mnou pražádné moci, kdyby ti nebyla dána shůry. Proto větší vinu má ten, kdo ti mě vydal.“"
Mt 6:13,1,Evangelia,A neuvoď nás v pokušení. Ale zbav nás od zlého. Amen.
L 22:19,1,Evangelia,"A vzav chléb, učinil díky a rozlámav jej, dal jim řka: „Toto jest tělo mé, které se za vás vydává; to čiňte na mou památku.“"
L 6:19,1,Evangelia,"A všecken zástup hledal se ho dotknouti; nebo moc z něho vycházela, a uzdravovala všecky."
J 8:46,1,Evangelia,"Kdo z vás bude mne trestati z hříchu? Jestli pravdu pravím vám, proč mi nevěříte?"
L 13:21,1,Evangelia,"Podobno jest kvasu, který vzavši žena zadělala do tří měřic mouky, až zkynulo všecko.“"
Zj 3:20,1,Nový zákon,"Aj stojím u dveří a tluku: jestliže kdo uslyší hlas můj, a otevře mi dvéře, vejdu-ť k němu: a budu-ť s ním večeřeti, a on se mnou."
Jr 2:13,1,Starý zákon,"– praví Hospodin – neboť dvojí zlo spáchal můj národ: Mne opustili, pramen vody živé, a kopali sobě cisterny, cisterny rozpukané, které nemohou držeti vody."
Mk 10:48,1,Evangelia,"I domlouvali mu mnozí, aby mlčel, ale on mnohem hlasitěji volal: „Synu Davidův, smiluj se nade mnou.“"
Mt 19:19,1,Evangelia,cti otce svého i matku svou a milovati budeš bližního svého jako sebe samého.“
Ex 20:14/Dt 5:18,1,Desatero,Nesesmilníš.
L 18:42,1,Evangelia,A Ježíš řekl jemu: Prohlédni. Víra tvá tě uzdravila.
Sk 4:20,1,Nový zákon,"nebť nemůžeme nemluviti toho, co sme viděli a slyšeli."
J 4:48,1,Evangelia,"I řekl jemu Ježíš: Neuzříte-li divů a zázraků, neuvěříte."
L 11:28,1,Evangelia,"On pak řekl: Anobrž blahoslavení, kteříž slyší slovo Boží, a ostříhají jeho."
Mt 20:1,1,Evangelia,"Podobno jest Království Nebeské člověku hospodáři, kterýž vyšel na usvitě, aby najal dělníky na vinnici svou."
J 12:13,1,Evangelia,"nabral ratolestí palmových a vyšli naproti němu a volali: „Hosanna, požehnaný, jenž se béře ve jménu Páně, král israelský.“"
Mt 23:39,1,Evangelia,"neboť pravím vám: neuzříte mě od této chvíle, dokavad neřeknete: ,Požehnaný, jenž se béře ve jménu Páně.‘“"
L 1:33,1,Evangelia,a království jeho nebude konce.“
L 1:38,1,Evangelia,"I řekla Maria: Aj, děvka Páně, staniž mi se podlé slova tvého. I odšel od ní anděl."
Mk 8:34,1,Evangelia,"A svolav zástup s učedlníky svými, řekl jim: Chce-li kdo za mnou přijíti, zapři sebe sám, a vezmi kříž svůj, a následúj mne."
J 14:27,1,Evangelia,"Pokoj svůj zůstavuji vám, pokoj svůj dávám vám; ne jako svět dává, já vám dávám. Nermutiž se srdce vaše, aniž se strachuj."
L 18:33,1,Evangelia,"a když jej zbičují, zabijí ho; ale třetího dne vstane z mrtvých."
L 2:10,1,Evangelia,"I řekl jim anděl: „Nebojte se, neboť hle, zvěstují vám radost velikou, která bude všemu lidu."
Mt 10:32,1,Evangelia,"Kdožkoli tedy vyzná mne před lidmi, vyznámť i já jej před Otcem svým, kterýž jest v nebesích."
Mt 10:33,1,Evangelia,"Kdož by pak mne zapřel před lidmi, zapřímť ho i já před Otcem svým, kterýž jest v nebesích."
Mt 23:9,1,Evangelia,"A otce nenazývejte sobě na zemi; nebo jeden jest Otec váš, kterýž jest v nebesích."
L 20:25,1,Evangelia,"I řekl jim: „Dávejte tedy, co je císařovo, císaři, a co jest Božího, Bohu.“"
Mk 13:31/Mt 24:35/L 21:33,1,Evangelia,Nebe a země pominou: ale slova má nepominou.
Mt 20:16,1,Evangelia,"Tak budou poslední prvními a první posledními; neboť mnoho jest povolaných, ale málo vyvolených.“"
Gn 1:2,1,Starý zákon,"Země však byla pustá a prázdná, tma byla nad hlubinou, a duch Boží vznášel se nad vodami."
Zd 1:1,1,Nový zákon,"Proti Šimonovi Čarodějníkovi, a proti jiným kacířům, kteří Anjely příliš vyvyšovali, dokazuje S. Pavel, že Kristus Pán jest Bůh, a proto že jest o mnoho vyšší, nežli Mojžíš, a Proroci, i všickni Anjelé"
L 6:27,1,Evangelia,"Ale vám-ť pravím kteříž slyšíte: Milůjte nepřátely své, dobře čiňte těm kteříž vás nenávidí."
L 2:34,1,Evangelia,"A Simeon blahoslavil je a řekl k Marii, matce jeho: „Hle tento jest ustanoven ku pádu a ku povstání mnohých v Israeli a na znamení, jemuž budou odpírati,"
Mt 6:26,1,Evangelia,"Pohleďte na ptactvo nebeské že neseje, ani nežne, ani neshromažďuje do stodol, a Otec váš nebeský živí je. Nejste-li vy dražší nežli ono?"
J 6:51,1,Evangelia,"Já jsem chléb živý, jenž s nebe sestoupil."
L 22:31,1,Evangelia,"I řekl Pán: „Šimone, Šimone, hle, satan vyžádal si vás, aby vás tříbil jako pšenici,"
Mt 16:16,1,Evangelia,"Odpovídaje Šimon Petr, řekl: Ty jsi Kristus Syn Boha živého."
Z 117:26,1,Starý zákon,"Požehnán buď, jenž přichází ve jménu Páně, žehnáme vám z Hospodinova domu."
L 15:7,1,Evangelia,"Pravím vám, že tak bude větší radost v nebesích nad jedním hříšníkem pokání činícím, než nad devadesáti devíti spravedlivými, kteří pokání nepotřebují.“"
1K 2:9,1,Nový zákon,"Ale jakož psáno jest: Čehož oko nevídalo, ani ucho neslýchalo, ani na srdce lidské nevstoupilo, co připravil Bůh těm, kteříž jej milují:"
Mt 19:18,1,Evangelia,"Dí jemu: Kterých? Ježíš pak řekl: Nezabiješ, nezcizoložíš, nepokradeš, nepromluvíš křivého svědectví."
R 11:33,1,Nový zákon,"Ó hlubokosti bohatství i moudrosti i umění Božího! Jak jsou nezpytatelní soudové jeho, a nevystižitelné cesty jeho."
1K 13:11,1,Nový zákon,"Dokud jsem byl dítětem, mluvil jsem jako dítě, smýšlel jsem jako dítě, usuzoval jsem jako dítě; když jsem se stal mužem, překonal jsem dětský stupeň. "
Z 118:24,1,Starý zákon,"Tentoť jest den, kterýž učinil Hospodin, a protož radujme se a veselme se v něm."
L 7:14,1,Evangelia,"A přistoupil, a dotekl se már. (Ti pak kteříž nesli, zastavili se) A řekl: Mládenče, tobě-ť pravím vstaň."
Mt 14:3,1,Evangelia,"Herodes totiž jal Jana a spoutav jej dal ho do žaláře pro Herodiadu, manželku bratra svého;"
L 5:11,1,Evangelia,"A přirazivše (lodi) k zemi, opustili všecko a šli za ním."
Z 110:10,1,Starý zákon,Svaté jest a hrozné jeho jméno; počátek moudrosti je bázeň Páně.
Mt 22:16,1,Evangelia,"I poslali k němu učedlníky své s Herodiány, řkouce: Mistře, víme, že pravdomluvný jsi, a cestě Boží v pravdě učíš, a nedbáš na žádného; nebo nepatříš na osobu lidskou."
Iz 45:8,1,Starý zákon,"Rosu dejte nebesa s hůry, a nejvyšší oblakové dštěte spravedlnost; otevři se země, a ať vzejde spasení, a spravedlnost ať spolu vykvete. Já Hospodin způsobím to."
Mt 18:17,1,Evangelia,"Pakliť by jich neuposlechl, pověz církvi. Jestliže pak i církve neuposlechne, budiž tobě jako pohan a publikán."
Mt 25:21,1,Evangelia,"Řekl mu Pán jeho: To dobře, služebníče dobrý a věrný: že si nad málem byl věrný, nad mnohem tebe ustanovím: vejdiž v radost Pána svého."
Mt 25:23,1,Evangelia,"Řekl mu Pán jeho: To dobře, služebníče dobrý a věrný: že si nad málem byl věrný, nad mnohem tebe ustanovím; vejdiž v radost Pána svého."
1K 8:6,1,Nový zákon,"Ale my máme jediného Boha Otce, z něhož všecko, a my v něm, a jednoho Pána Ježíše Krista, skrze něhož všecko, i my skrze něho."
J 3:21,1,Evangelia,"Kdo však čini pravdu, jde ke světlu, aby skutkové jeho se zjevili, neboť v Bohu jsou vykonáni."
J 3:20,1,Evangelia,"Každý zajisté, kdož zle činí, nenávidí světla, a nejde k světlu, aby nebyli trestáni skutkové jeho."
Mt 5:22,1,Evangelia,"Ale já-ť pravím vám, že každý, kdož se hněvá na bratra svého, hoden bude soudu. Kdož by pak řekl bratru svému rácha, hoden bude rady. A kdož by řekl blázne, hoden bude pekelného ohně"
Gn 4:6,1,Starý zákon,I řekl Pán k němu: Proč si se rozhněval? a proč opadla tvář tvá?
Mk 14:7,1,Evangelia,"nebo chudé máte vždycky s sebou; a když budete chtíti, můžete jim dobře činiti: mne pak na vždycky máte."
Mt 12:7,1,Evangelia,"Než kdybyste věděli, co jest to: Milosrdenství chci a ne oběti, nepotupovali byste nevinných."
Mt 1:20,1,Evangelia,"Když pak on o tom přemyšloval, aj, anděl Páně ve snách ukázal se jemu, řka: Jozefe synu Davidův, neboj se přijíti Marie manželky své; nebo což v ní jest počato, z Ducha svatého jest."
Jb 19:21,1,Starý zákon,"Slitújte se nade mnou, slitújte se nade mnou, aspoň vy přátelé moji, nebo ruka Páně dotkla se mne."
Mt 5:8,1,Evangelia,"Blahoslavení čistého srdce, nebo oni Boha viděti budou."
L 14:11,1,Evangelia,"neboť každý, kdo se povyšuje, bude ponížen, a kdo se ponižuje, bude povýšen."
L 24:29,1,Evangelia,"ale oni přinutili ho řkouce: „Zůstaň s námi, neboť se připozdívá, a den se již nachýlil.“ I vešel s nimi."
Mt 25:41,1,Evangelia,"Potom řekne i těm, kteří budou na levici: ,Odejděte ode mne, zlořečení, do ohně věčného, který jest připraven ďáblu a andělům jeho."
2Tm 4:7,1,Nový zákon,"Dobrý boj sem bojoval, běh sem dokonal, víru sem zachoval."
1K 15:17,1,Nový zákon,"Nevstal-liť Kristus z mrtvých, marná jest víra vaše, nebo ještě jste v hříších svých."
Mt 16:19,1,Evangelia,"A tobě dám klíče království nebeského. A což bys koli svázal na zemi, budeť svázáno i na nebi; a což bys koli rozvázal na zemi, budeť rozvázáno i na nebi."
L 16:3,1,Evangelia,"I dí vládař sám v sobě: Co učiním? Teď pán můj odjímá ode mne vládařství. Kopati nemohu, žebrati se stydím."
Mt 7:15,1,Evangelia,"Pilně se pak varujte falešných proroků, kteříž přicházejí k vám v rouše ovčím, ale vnitř jsou vlci hltaví."
J 3:19,1,Evangelia,"Totoť pak jest ten soud, že světlo přišlo na svět, ale milovali lidé více tmu nežli světlo; nebo skutkové jejich byli zlí."
Jb 19:25,1,Starý zákon,"Ačkoli já vím, že vykupitel můj živ jest, a že v den nejposlednější nad prachem se postaví."
J 8:58,1,Evangelia,"Řekl jim Ježíš: Amen, amen pravím vám, prvé nežli Abraham byl, já jsem."
J 10:30,1,Evangelia,Já a Otec jedno jíme.
Mt 9:4,1,Evangelia,"Ale Ježíš, znaje smýšlení jejich, řekl: „Proč myslíte zlé věci v srdcích svých?"
Mk 16:6,1,Evangelia,"On pak řekl jim: „Nebojte se; hledáte Ježíše Nazaretského, ukřižovaného; vstalí jest; není ho tuto; hle, místo, kdež jej položili."
J 11:24,1,Evangelia,"Dí jemu Marta: „Vím, že vstane při vzkříšení v den poslední.“"
L 16:13,1,Evangelia,"Nižádný služebník nemůž dvěma pánům sloužiti: nebť zajisté jednoho nenáviděti bude, a druhého milovati: aneb jednoho přidržeti se bude, a druhým pohrdne. nemůžte Bohu sloužiti a mamoně."
Mk 8:2,1,Evangelia,"„Lítost mám nad zástupem, neboť již tři dni trvají se mnou a nemají, co by jedli;"
J 5:33,1,Evangelia,"Vy jste vyslali poselství k Janovi, a on vydal svědectví pravdě."
J 18:37,1,Evangelia,"Tedy řekl jemu Pilát: Tedy Král jsi ty? Odpověděl Ježíš: Ty pravíš, že Král jsem já. Já jsem se k tomu narodil, a proto sem na svět přišel, abych svědectví vydal pravdě: každý, kdož jest z pravdy, slyší hlas můj."
Mt 9:5,1,Evangelia,"Co jest snáze říci: „Odpouštějí se tobě hříchové tvoji,“ aneb říci: „Vstaň a choď?“"
Sk 5:39,1,Nový zákon,"je-li však z Boha, nebudete moci je zrušiti; - abyste snad nebyli shledáni jako odbojní Bohu.“ I poslechli ho."
R 16:24,1,Nový zákon,"Milost Pána našeho, Ježíše Krista, budiž se všemi vámi. Amen."
J 11:3,1,Evangelia,"Sestry k němu poslaly se vzkazem: „Pane, hle, ten, kterého miluješ, je nemocen.“"
Mk 10:7,1,Evangelia,Proto-ť  opustí člověk otce svého i matku: a přidrží se ženy své:
2Tm 4:3,1,Nový zákon,"Neboť bude čas, kdy zdravého učení nesnesou, nýbrž nashromáždí si učitelů podle vlastních chtíčů, majíce šimráni v uších,"
Nu 33:38,1,Starý zákon,"Tu vstoupil Aron kněz na horu, jenž slove Hor, k rozkazu Hospodinovu, a umřel tam, léta čtyřidcátého po vyjití synů Izraelských z země Egyptské, v první den měsíce pátého."
L 2:48,1,Evangelia,"A uzřevše, divili se. A řekla matka jeho k němu: Synu, proč si nám tak učinil? aj, otec tvůj a já, s bolestí hledalisme tebe."
L 2:49,1,Evangelia,"I řekl k nim: „Co jest, že jste mě hledali? Zdaliž jste nevěděli, že já musím býti v tom, co jest Otce mého?“"
Sk 7:33,1,Nový zákon,"I řekl jemu Pán: Zzuj obuv s noh svých; nebo místo, na kterémž stojíš, země svatá jest."
Ju 1:9,1,Nový zákon,"Sám archanděl Michael, když měl spor s ďáblem a vyjednával o Mojžíšovu mrtvolu, neodvážil se vynésti nad ním rouhavý soud, nýbrž řekl jen: „Pán tě potrestej!“ "
J 8:7,1,Evangelia,"Když nepřestávali se ho tázati, zvednul se a řekl: „Kdo z vás jest bez hříchu, vrz první na ni kamenem.“"
L 4:33,1,Evangelia,"Byl pak v synagoze člověk, který měl ducha nečistého; a ten vykřikl hlasem velikým"
Mk 1:23,1,Evangelia,"Byl pak v synagoze jejich člověk, který měl ducha nečistého; ten zvolal:"
R 4:7,1,Nový zákon,"„Blahoslavení jsou ti, jimž nepravosti jsou odpuštěny, a jichž hříchy jsou zakryty. "
L 2:11,1,Evangelia,"Narodilť se vám dnes Spasitel, to jest Kristus Pán, v městě Davidově."
Mk 12:34,1,Evangelia,"A viděv Ježíš, že by moudře odpověděl, dí jemu: Nejsi daleko od království Božího. A žádný více nesměl se ho tázati."
Tit 2:12,1,Nový zákon,"učící nás, abychom odřeknouce se bezbožnosti a světských žádostí, střízlivě, a spravedlivě, a pobožně živi byli na tomto světě,"
Mk 14:38,1,Evangelia,"Bděte a modlete se, abyste nevešli v pokušení; duch zajisté hotov jest, ale tělo slabo.“"
Mt 5:24,1,Evangelia,"zanechej tam daru svého před oltářem a jdi prve, smiř se s bratrem svým a potom přijda, obětuj dar svůj."
L 6:37,1,Evangelia,"Nesuďte, a nebudete souzeni: nepotupůjte, a nebudete potupeni: Odpouštějte, a bude-ť vám odpuštěno:"
1K 13:3,1,Nový zákon,"A kdybych rozdal na pokrmy chudých veškeren statek svůj a vydal své tělo k spálení, lásky však kdybych neměl, nic by mi to neprospělo."
Mk 7:34,1,Evangelia,"a pohlédnuv k nebi, vzdechl a řekl jemu: „Efeta,“ to jest: „Otevři se.“"
Mt 5:20,1,Evangelia,"Neboť pravím vám: nebude-li hojnější spravedlnost vaše než zákoníků a fariseů, nevejdete do království nebeského."
Mt 18:3,1,Evangelia,"„Vpravdě pravím vám: „Neobrátíte-li se a nebudete li jako dítky, nevejdete do království nebeského."
2P 1:1,1,Nový zákon,"Šimon Petr, služebník a Apoštol Ježíše Krista, těm kteří spolu s námi rovné dosáhli víry v spravedlnosti Boha našeho, a Spasitele Ježíše Krista."
2P 2:20,1,Nový zákon,"Nebo jestliže ti kteříž utíkali poškvrn světa skrze známost Pána našeho, a Spasitele Ježíše Krista, opět zase v ně zapleteni souce přemoženi bývají: učiněny sou jim poslední věci horší nežli první."
L 10:34,1,Evangelia,"I přistoupil k němu a ovázal jeho rány, naliv na ně oleje a vína, a vloživ jej na své hovádko dopravil ho do hospody a měl o něj péči."
Mt 5:4,1,Evangelia,"Blahoslavení lkající, nebo oni potěšeni budou."
L 7:16,1,Evangelia,Pojala pak všecky bázeň a velebili Boha řkouce: „Prorok veliký povstal mezi námi“ a „Bůh navštívil lid svůj.“
Zj 21:4,1,Nový zákon,"A setřeť Bůh všelikou slzu s očí jejich, a smrti již více nebude, ani kvílení, ani křiku, ani bolesti nebude více; nebo první věci pominuly."
Iz 35:4,1,Starý zákon,"Rcete malomyslným: Vzmužte se a nebojte se! Aj, Bůh váš odvetu konat bude, odplatí, Bůh sám přijde a spasí vás."
Mt 11:5,1,Evangelia,"slepí vidí, kulhaví chodí, malomocní se očišťují, hluší slyší, mrtví vstávají z mrtvých, chudým se zvěstuje evangelium,"
L 18:12,1,Evangelia,"Postím se dvakrát za týden, desátky dávám ze všeho, co vytěžím.‘"
1P 2:16,1,Nový zákon,"jako svobodní, a ne jako lidé, kteří svobodu mají za zástěru zloby, nýbrž jako služebníci Boží."
Iz 9:6,1,Starý zákon,"Nebo dítě narodilo se nám, syn dán jest nám, i bude knížetství na rameni jeho, a nazváno bude jméno jeho: Předivný, Rádce, Bůh silný, Rek udatný, Otec věčnosti, Kníže pokoje."
Mt 21:15,1,Evangelia,"Jakmile velekněží a zákoníci uviděli úžasné činy, jež učinil, a děti, které v chrámě volaly: „Hosanna synu Davidovu!“, rozmrzeli se"
L 18:20,1,Evangelia,"Umíš přikázaní: Nezcizoložíš, nezabiješ, nepokradeš, nepromluvíš křivého svědectví, cti otce svého i matku svou."
J 18:36,1,Evangelia,"Ježíš odpověděl: „Království mé není z tohoto světa. Kdyby z tohoto světa bylo království mé, služebníci moji bránili by, abych nebyl vydán židům; ale království mé není odtud.“"
L 16:2,1,Evangelia,"I povolav ho, řekl jemu: Což to slyším o tobě? Vydej počet z vládařství svého, nebo již nebudeš moci déle vládnouti."
L 2:52,1,Evangelia,A Ježíš prospíval moudrostí a věkem a milostí u Boha i u lidí.
R 12:15,1,Nový zákon,"Radújte se s radujícími, plačte s plačícími."
Sd 21:22,1,Starý zákon,"Až pak přijdou otcové jejich nebo bratři, a počnou na vás žalovati a vésti při, řekneme jim: „Slitujte se nad nimi, neboť neuchvátili jich jako činívají válečníci, vítězové, ale nedali jste, když vás za ně prosili; vy jste se tedy provinili."""
R 12:2,1,Nový zákon,"Nepřizpůsobujte se tomuto světu, ale proměňujte se obnovou své mysli, abyste se přesvědčili, co je vůle Boží, co je dobro, slušnost a dokonalost."
Mt 2:20,1,Evangelia,"řka: Vstaň a vezmi dítě i matku jeho, a jdiž do země Izraelské: neboť sou zemřeli ti jenž hledali bezživotí dítěte."
J 8:51,1,Evangelia,"Vpravdě, vpravdě vám pravím: Kdo zachovává mé slovo, neuzří smrti na věky.“"
J 6:70,1,Evangelia,"a my jsme uvěřili a poznali, že ty jsi Kristus, Syn Boží.“"
Mt 7:25,1,Evangelia,"I spadl příval, a přišly řeky, a zavály větry a obořily se na ten dům; a nepadl, neboť byl založen na skále."
Mt 7:27,1,Evangelia,"i spadl příval,  a přišly řeky, a váli větrové, a obořili se na ten dům: i padl, a byl pád jeho veliký."
Mt 7:1,1,Evangelia,"Nesuďtež, abyste nebyli souzeni."
Z 2:9,1,Starý zákon,"Roztlučeš je prutem železným, a jako nádobu hrnčířskou roztříštíš je."
Mk 10:14,1,Evangelia,"Ale Ježíš vida je, zamrzel se nad tím a řekl jim: „Nechte dítek jíti ke mně a nebraňte jim, heboť takových jest království Boží."
Sk 10:47,1,Nový zákon,"„Může někdo zabrániti, aby nebyli vodou pokřtěni ti, kdož přijali Ducha svatého jako my?“"
Pr 12:10,1,Starý zákon,"Pečuje spravedlivý o život hovádka svého, srdce pak bezbožných ukrutné jest."
1Pa 29:7,1,Starý zákon,"A dali k službě domu Božího zlata pět tisíc centnéřů, a deset tisíc zlatých, stříbra pak deset tisíc centnéřů, a mědi osmnácte tisíc centnéřů, a železa sto tisíc centnéřů."
Sir 13:8,1,Deuterokanonické knihy,"Bude tě zahanbovat hostinami svými, dokud tě nevyjí několikrát, a na konec vysměje se tobě; potom vida tě, nechá tě na holičkách, a hlavou bude nad tebou pokyvovat."
L 11:24,1,Evangelia,"Když nečistý duch vyjde z člověka, prochází místa bez vody a hledá odpočinek; poněvadž ho nenajde, řekne si: »Vrátím se do svého domu, odkud jsem vyšel.«"
Mk 14:62,1,Evangelia,"Ježíš odpověděl: „Jsem, a uvidíte Syna člověka seděti po pravici Moci a přicházeti s oblaky nebeskými.“"
L 8:6,1,Evangelia,"A jiné padlo na skálu a vzešedši uschlo, poněvadž nemělo vláhy."
Mt 11:30,1,Evangelia,"Jho mé zajisté jestiť rozkošné, a břímě mé lehké."
1K 3:16,1,Nový zákon,"Nevíte, že jste chrámem Božím, a že Duch Boží přebývá ve vás?"
J 18:7,1,Evangelia,Zeptal se jich po druhé: „Koho hledáte?“ Oni řekli: „Ježíše Nazorejského!“
J 3:7,1,Evangelia,"Nediviž se, že jsem řekl tobě: Musíte se znovu zroditi."
Da 5:25,1,Starý zákon,"A totoť jest písmo napsané: Mene, mene, tekel, ufarsin, totiž: Zčetl jsem, zčetl, zvážil a rozděluji."
L 8:8,1,Evangelia,"A jiné padlo v zemi dobrou a vzešedši vydalo užitek stonásobný.“ To pověděv zvolal: „Kdo má uši k slyšení, slyš.“"
Jr 10:23,1,Starý zákon,"Vím, Hospodine, že není v moci člověka cesta jeho, aniž jest v moci muže toho, kterýž chodí, aby spravoval krok svůj."
1Tm 6:11,1,Nový zákon,"Ale ty, člověče Boží, se toho vystříhej. Usiluj o spravedlnost, zbožnost, víru, lásku, trpělivost, mírnost. "
Mt 5:37,1,Evangelia,"Budiž však řeč vaše: „ano, ano“; „ne, ne“; co nad to jest, ze zlého jest."
Dt 31:20,1,Starý zákon,"Nebo uvedu jej do země, kterouž jsem s přísahou zaslíbil otcům jeho, oplývající mlékem a strdí, kdežto bude jísti a nasytí se a ztuční. Tehdy obrátí se k bohům cizím a sloužiti bude jim, i popudí mne a zruší smlouvu mou."
Gn 1:1,1,Starý zákon,Na počátku stvořil Bůh nebe a zemi.
Zd 5:9,1,Nový zákon,"a byv dokonán stal se příčinou věčné spásy všem, kteří ho poslouchají,"
Jr 46:16,1,Starý zákon,"Mnohoť bude těch, kteříž klesnou a padnou jeden na druhého, a řeknou: Vstaň, a navraťme se k lidu svému, a do země, v níž jsme se zrodili, před mečem toho zhoubce."
Dt 5:21,1,Desatero,"Nepožádáš manželky bližního svého, aniž požádáš domu bližního svého, pole jeho, neb služebníka jeho, aneb děvky jeho, vola jeho neb osla jeho, aneb čehokoli z těch věcí, kteréž jsou bližního tvého."
Jr 19:5,1,Starý zákon,"Vzdělali také výsosti Bálovi, aby pálili syny své ohněm v zápaly Bálovi, čehož jsem nepřikázal, aniž jsem o tom mluvil, nýbrž ani nevstoupilo na mé srdce."
Z 31:6,1,Starý zákon,"V ruce tvé poroučím ducha svého, nebo jsi mne vykoupil, Hospodine, Bože silný a věrný."
Ex 34:21,1,Starý zákon,"Šest dní budeš pracovati, sedmého (však) dne nebudeš orati ani žíti."
Sk 26:9,1,Nový zákon,Já jsem pokládal za svou povinnost podniknouti všecko možné proti jménu Ježíše Nazorejského
2K 2:6,1,Nový zákon,"Toto pokárání od většiny, kterého se mu dostalo, stačí; "
Ez 24:19,1,Starý zákon,"I řekl mně lid: „Proč nám neoznamuješ, co znamenají tyto věci, jež činíš?"""
Z 138:8,1,Starý zákon,"Hospodin dokoná za mne; nebo milosrdenství tvé, Hospodine, na věky, aniž díla rukou svých kdy opustíš."
Dt 9:9,1,Starý zákon,"(tehdy), když jsem vystoupil na horu, abych dostal kamenné desky, desky úmluvy, kterou Hospodin s vámi učinil, když jsem trval na hoře čtyřicet dní a nocí chleba nejeda a vody nepije."
Nu 27:5,1,Starý zákon,Ten mu pravil:
Mt 20:34,1,Evangelia,"Ježíš se nad nimi slitoval, dotkl se jejich zraků, a hned nabyli zraku a následovali ho."
Z 78:20,1,Starý zákon,"Aj, udeřilť jest v skálu, a tekly vody, a řeky se rozvodnily. Zdali také bude moci dáti chleba? Zdali nastrojí masa lidu svému?"
Pr 31:10,1,Starý zákon,Ženu statečnou kdo nalezne? Nebo daleko nad perly cena její.
1K 7:26,1,Nový zákon,"Mé mínění tedy je toto: V nastávající tísni je to dobré; je dobře, aby člověk zůstal tak, jak jest. "
Ga 6:2,1,Nový zákon,"Jedni druhých břemena neste, a tak plňte zákon Kristův."
2K 7:10,1,Nový zákon,"Zármutek totiž, který jest podle Boha, působí pokání ke spáse, kterého se nelituje, ale zármutek světa působí smrt."
L 11:10,1,Evangelia,"neboť každý, kdo prosí, béře; a kdo hledá, nalézá, a tomu, kdo tluče, bude otevřeno."
Mt 7:8,1,Evangelia,"neboť každý, kdo prosí, béře, kdo hledá, nalézá, a tomu, kdo tluče, bude otevřeno."
Est 6:4,1,Starý zákon,"A hned tázal se král: „Kdo je na dvoře?"" – Aman totiž byl vešel na vnitřní dvůr domu královského, chtěje vnuknouti králi, by rozkázal Mardochea pověsiti na šibenici, která, mu byla připravena. – "
2K 11:26,1,Nový zákon,"Na cestách často, v nebezpečenství na řekách, v nebezpečenství od lotrů, v nebezpečenství od svého pokolení, v nebezpečenství od pohanů, v nebezpečenství v městě, v nebezpečenství na poušti, v nebezpečenství na moři, v nebezpečenství mezi falešnými bratřími."
Pl 5:16,1,Starý zákon,"Spadla koruna s hlavy naší; běda nám již, že jsme hřešili."
Fp 1:10,1,Nový zákon,"byste schvalovali věci lepší, (a to k tomu konci), abyste byli čisti a nepohoršivi ke dni Kristovu,"
Sk 2:17,1,Nový zákon,"»V posledních dnech, praví Bůh, vyleji část svého Ducha na všechny lidi; prorokovati budou vaši synové a vaše dcery; vaši jinoši budou míti vidění, vaši starci budou sníti sny;"
J 15:25,1,Evangelia,"Ale (to se dělo a děje), aby se naplnilo slovo, které jest napsáno v zákoně jejich: ,Nenáviděli mě bez příčiny‘."
J 18:9,1,Evangelia,"to aby se naplnilo slovo, jež měl na mysli: »Z těch, které jsi mi dal, jsem neztratil ani jednoho«."
2S 14:5,1,Starý zákon,"I tázal se jí král: „Co je ti?"" A ona odpověděla: „Ach, vdovou jsem já, neboť umřel mi muž."
Z 23:4,1,Starý zákon,"Byť mi se dostalo jíti přes údolí stínu smrti, nebuduť se báti zlého, nebo ty se mnou jsi; prut tvůj a hůl tvá, toť mne potěšuje."
Z 37:5,1,Starý zákon,"Uval na Hospodina cestu svou, a slož v něm naději, onť zajisté všecko spraví."
R 15:17,1,Nový zákon,"Mám tedy čím se honositi v Kristu Ježíši ve věcech, které se vztahují k Bohu; "
1Tm 5:18,1,Nový zákon,Nebo praví Písmo: Nezavážeš ust volu mlátícímu. A: Hoden jest dělník své mzdy.
1K 10:24,1,Nový zákon,"Žádný ať nehledá toho, což jest jeho vlastní, ale což jest druhého."
2Tm 3:10,1,Nový zákon,"Ty jsi však následoval mého učení, způsobu života, úmyslu, mé víry, shovívavosti, lásky, trpělivosti,"
J 11:34,1,Evangelia,"a zeptal se: „Kam jste jej položili?“ Odpověděli mu: „Pane, pojď se podívat!“"
L 24:7,1,Evangelia,"řekl, že Syn člověka musí býti vydán v ruce hříšných lidí, být ukřižován, a třetího dne vstáti,“"
Jud 13:15,1,Deuterokanonické knihy,"i sběhli se k ní všichni, od nejmenšího do největšího, neboť se byli domnívali, že již nepřijde."
L 9:8,1,Evangelia,"neboť někteří říkali: „Jan vstal z mrtvých“, jiní: „Eliáš se objevil“, jiní pak: „Jeden ze starých proroků vstal z mrtvých.“"
Z 23:1,1,Starý zákon,"Žalm Davidův. Hospodin jest můj pastýř, nebudu míti nedostatku."
Est 1:5,1,Starý zákon,"(A když se vyplnili dnové ti, učinil král všemu lidu, což ho koli bylo v Susan městě královském, od největšího až do nejmenšího, hody za sedm dní na paláci v zahradě při domě královském.)"
Gn 1:31,1,Starý zákon,"A viděl Bůh všecko, co byl učinil, a bylo to velmi dobré. A nastal večer a jitro, den šestý."
Lv 22:2,1,Starý zákon,"Rci Áronovi a jeho synům, ať se varují (znesvětit), co je zasvěceno v dar (Bohu) od synův Israelových, a neposkvrňují věcí mně zasvěcených, které přinášejí v obět. Jáť Hospodin."
Ef 4:4,1,Nový zákon,"Jest jedno tělo, jeden Duch, jak jste také byli povoláni v jedné naději svého povolání; "
J 1:23,1,Evangelia,"Děl: „Já jsem Hlas volajícího na poušti; »Vyrovnejte cestu Páně«, jak řekl prorok Izaiáš.“"
Dt 18:3,1,Starý zákon,"Od lidu, od těch, kteří přinášejí oběti, bude právem příslušeti kněžím toto: dají knězi plece a žaludek – buď že obětují býka neb ovci – "
Mk 6:16,1,Evangelia,"Když o tom uslyšel Heródes, řekl: „Jan, kterého jsem sťal, vstal z mrtvých.“"
2K 5:8,1,Nový zákon,"Doufánlivé pak mysli jsme, a dobrou vůli máme raději vyjíti z těla, a býti přítomní Pánu."
Z 113:3,1,Starý zákon,Od východu slunce až do západu jeho chváleno buď jméno Hospodinovo.
2Pa 9:3,1,Starý zákon,"Když uzřela moudrost Šalomounovu, dům, který byl vystavěl,"
Mt 11:7,1,Evangelia,"A když oni odešli, počal Ježíš praviti zástupům o Janovi: Co jste vyšli na poušť viděti? Třtinu-li větrem se klátící?"
L 7:24,1,Evangelia,"A když poslové Janovi odešli, počal mluviti k zástupům o Janovi: „Co jste vyšli na poušť viděti? třtinu-li větrem se klátící?"
2Ma 14:25,1,Deuterokanonické knihy,"A domluvil mu, aby pojal ženu a zplodil syny. Učinil tedy svatbu a pokojně žili. Žili přátelsky spolu."
Mou 19:4,1,Deuterokanonické knihy,"Pudil je totiž k tomu konci zasloužený tlak; způsobil, že zapomněli na to, co se bylo přihodilo, aby doplnili trest, kterého se nedostávalo ranám jejich,"
Za 4:6,1,Starý zákon,"Tedy odpovídaje, mluvil ke mně, řka: Toto jest slovo Hospodinovo k Zorobábelovi, řkoucí: Ne silou, ani mocí, ale Duchem mým, praví Hospodin zástupů."
Da 12:3,1,Starý zákon,"Ale ti, kteříž jiné vyučují, stkvíti se budou jako blesk oblohy, a kteříž k spravedlnosti přivozují mnohé, jako hvězdy na věčné věky."
Mt 26:31,1,Evangelia,"Tedy dí jim Ježíš: Všickni vy zhoršíte se nade mnou této noci. Nebo psáno jest: Bíti budu pastýře, a rozprchnouť se ovce stáda."
Sk 21:6,1,Nový zákon,"A když jsme se vespolek rozžehnali, vstoupli jsme na lodí, a oni se vrátili domů."
Dt 11:9,1,Starý zákon,"a dlouho byli živi v té zemi, oplývající mlékem a medem, kterou přísežně slíbil Hospodin otcům vašim a jejich potomstvu."
2Pa 1:10,1,Starý zákon,"Dej mi moudrost a rozum, abych věděl si rady s lidem tvým; nebo kdo může tento lid tvůj, kterého tolik je, náležitě spravovati?"""
Jr 6:3,1,Starý zákon,"Přijdou na ni pastýři se svými stády, rozbijí na ní stany kolem dokola; spase každý, co mu do rukou přijde."
1Tm 5:20,1,Nový zákon,"Ty, kteří hřeší, kárej přede všemi, aby se i ostatní báli."
2K 5:15,1,Nový zákon,"a za všecky zemřel (Kristus), aby ti, kteří jsou živi, nežili již sobě, nýbrž tomu, jenž za ně umřel a z mrtvých vstal."
Mt 26:41,1,Evangelia,"Bděte a modlete se, abyste nevešli v pokušení; duch zajisté hotov jest, ale tělo slabo.“"
J 14:26,1,Evangelia,"Utěšitel pak Duch Svatý, kteréhož pošle Otec ve jménu mém, tenť vás naučí všem věcem, a připomene vám všecky věci, kteréžkoli budu mluviti vám."
J 14:16,1,Evangelia,"A já budu prositi Otce a jiného Utěšitele dá vám, aby s vámi zůstával na věky,"
R 8:35,1,Nový zákon,"Kdo nás odloučí od lásky Kristovy? Zarmoucení-li, aneb úzkost, neb protivenství? Zdali hlad, čili nahota? Zdali nebezpečenství, čili meč?"
L 13:9,1,Evangelia,"kdyby snad přinesl ovoce; pakli ne, potom jej vykopáš.‘“"
Mt 26:21,1,Evangelia,"Když jedli, řekl: „Vpravdě vám pravím, že jeden z vás mě zradí.“"
R 13:12,1,Nový zákon,"Noc pominula, ale den se přiblížil. Odvrzmež tedy skutky temnosti, a oblecme se v odění světla."
Mt 28:18,1,Evangelia,"A přistoupiv Ježíš, mluvil jim, řka: Dána jest mi všeliká moc na nebi i na zemi."
L 21:27,1,Evangelia,"A tehdy uvidí Syna člověka, an přichází v oblace s velikou moci a slávou."
1K 15:54,1,Nový zákon,"Když pak (toto porušitelné tělo obleče neporušítelnost a toto) smrtelné obleče nesmrtelnost, tehdá se naplní to slovo, které jest psáno: „Pohlcena jest smrt ve vítězství."
L 12:20,1,Evangelia,"Řekl pak jemu Bůh: Blázne, této noci požádají duše tvé od tebe, to pak cožs připravil, čí bude?"
J 6:54,1,Evangelia,"Proto řekl jim Ježíš: „Vpravdě, vpravdě pravím vám: Nebudete-li jísti těla Syna člověka a píti jeho krve, nebudete míti v sobě života."
Moravský hospodář,5,Periodikum: Moravský hospodář,Moravský hospodář
Polední list,5,Periodikum: Polední list,Polední list
Moravský večerník,5,Periodikum: Moravský večerník,Moravský večerník
Věstník katolického duchovenstva,5,Periodikum: Věstník katolického duchovenstva,Věstník katolického duchovenstva
Přítomnost,5,Periodikum: Přítomnost,Přítomnost
Venkov,5,Periodikum: Venkov,Venkov
Studentský časopis,5,Periodikum: Studentský časopis,Studentský časopis
Československý zemědělec,5,Periodikum: Československý zemědělec,Československý zemědělec
Český učitel,5,Periodikum: Český učitel,Český učitel
Čech,5,Periodikum: Čech,Čech
Posel záhrobní,5,Periodikum: Posel záhrobní,Posel záhrobní
